<?xml version="1.0" encoding="UTF-8"?>

<deployment xmlns:xsi="http://www.w3.org/2001/XMLSchema-instance"
	xsi:schemaLocation="urn:jboss:bean-deployer bean-deployer_1_0.xsd"
	xmlns="urn:jboss:bean-deployer">


	<!-- 
		Either use a real cpu and a tape... 
	-->
<!-- 
	<bean name="ICpu" class="com.objectsbydesign.calc.model.Cpu"></bean>

	<bean name="Tape"
		class="com.objectsbydesign.calc.view.CalculatorTape">
		<constructor>
			<parameter>
				<inject bean="ICpu" state="Instantiated" />
			</parameter>
		</constructor>
	</bean>
 -->

	<!--
		... or just a mock cpu and no tape. 
		
		What needs to be done to use both a mock cpu and a tape? Have a 
		look at the cpu mock and tape classes to understand the problem.
	-->
	<bean name="ICpu" class="com.objectsbydesign.calc.model.CpuMock"></bean>
	 
	<!-- inject cpu into calculator via constructor -->
	<bean name="Calculator"
		class="com.objectsbydesign.calc.view.Calculator">
 		<property name="cpu">
			<inject bean="ICpu" state="Instantiated" />
		</property>
	</bean>

	<!-- inject calculator into frame via constructor -->
	<bean name="CalculatorFrame"
		class="com.objectsbydesign.calc.view.CalculatorFrame">
		<constructor>
			<parameter>
				<inject bean="Calculator" state="Instantiated" />
			</parameter>
		</constructor>
	</bean>

</deployment>
