<xml xmlns:o="urn:schemas-microsoft-com:office:office">
 <o:File HRef="master03.htm"/>
 <o:File HRef="master03.xml"/>
 <o:File HRef="preview.wmf"/>
 <o:File HRef="master02.htm"/>
 <o:File HRef="pres.xml"/>
 <o:File HRef="slide0001.htm"/>
 <o:File HRef="slide0002.htm"/>
 <o:File HRef="slide0028.htm"/>
 <o:File HRef="slide0029.htm"/>
 <o:File HRef="slide0024.htm"/>
 <o:File HRef="slide0004.htm"/>
 <o:File HRef="slide0006.htm"/>
 <o:File HRef="slide0007.htm"/>
 <o:File HRef="slide0009.htm"/>
 <o:File HRef="slide0010.htm"/>
 <o:File HRef="slide0011.htm"/>
 <o:File HRef="slide0012.htm"/>
 <o:File HRef="slide0014.htm"/>
 <o:File HRef="slide0015.htm"/>
 <o:File HRef="slide0016.htm"/>
 <o:File HRef="slide0017.htm"/>
 <o:File HRef="slide0018.htm"/>
 <o:File HRef="slide0019.htm"/>
 <o:File HRef="slide0021.htm"/>
 <o:File HRef="slide0026.htm"/>
 <o:File HRef="slide0026_image001.gif"/>
 <o:File HRef="slide0027.htm"/>
 <o:File HRef="slide0027_image002.gif"/>
 <o:File HRef="slide0030.htm"/>
 <o:File HRef="slide0031.htm"/>
 <o:File HRef="slide0023.htm"/>
 <o:File HRef="master01.htm"/>
 <o:File HRef="master03_stylesheet.css"/>
 <o:MainFile HRef="../Belbin%20History.htm"/>
 <o:File HRef="error.htm"/>
 <o:File HRef="fullscreen.htm"/>
 <o:File HRef="outline.htm"/>
 <o:File HRef="buttons.gif"/>
 <o:File HRef="frame.htm"/>
 <o:File HRef="script.js"/>
 <o:File HRef="filelist.xml"/>
</xml>