<xml xmlns:v="urn:schemas-microsoft-com:vml"
 xmlns:o="urn:schemas-microsoft-com:office:office"
 xmlns:p="urn:schemas-microsoft-com:office:powerpoint">
 <p:presentation slidesizex="6240" hidecomments="t" advisor="34">
  <p:master id="3" type="main" href="master03.htm" xmlhref="master03.xml"
   template="Default Design" layout="title_body"
   slots="title,body,dateTime,footer,slideNumber">
   <p:schemes>
    <p:colorscheme
     colors="#FFFFFF,#000000,#808080,#000000,#00CC99,#3333CC,#CCCCFF,#B2B2B2"/>
    <p:colorscheme
     colors="#0000FF,#FFFFFF,#000000,#FFFF00,#FF9900,#00FFFF,#FF0000,#969696"/>
    <p:colorscheme
     colors="#FFFFCC,#000000,#666633,#808000,#339933,#800000,#0033CC,#FFCC66"/>
    <p:colorscheme
     colors="#FFFFFF,#000000,#333333,#000000,#DDDDDD,#808080,#4D4D4D,#EAEAEA"/>
    <p:colorscheme
     colors="#FFFFFF,#000000,#808080,#000000,#FFCC66,#0000FF,#CC00CC,#C0C0C0"/>
    <p:colorscheme
     colors="#FFFFFF,#000000,#808080,#000000,#C0C0C0,#0066FF,#FF0000,#009900"/>
    <p:colorscheme
     colors="#FFFFFF,#000000,#808080,#000000,#3399FF,#99FFCC,#CC00CC,#B2B2B2"/>
   </p:schemes>
  </p:master>
  <p:master id="1" type="notes" href="master01.htm" layout="notes"
   slots="header,dateTime,slideImage,body,footer,slideNumber"/>
  <p:master id="2" type="handout" href="master02.htm" layout="handout"
   slots="header,dateTime,footer,slideNumber"/>
  <p:slide id="1" href="slide0001.htm" layout="title_subtitle"
   slots="centerTitle,subTitle" collapseoutline="t"/>
  <p:slide id="2" href="slide0002.htm" layout="title_body" slots="title,body"
   collapseoutline="t"/>
  <p:slide id="28" href="slide0028.htm" layout="title_body" slots="title,body"
   collapseoutline="t"/>
  <p:slide id="29" href="slide0029.htm" layout="title_body" slots="title,body"
   collapseoutline="t"/>
  <p:slide id="24" href="slide0024.htm" layout="title_body" slots="title,body"
   collapseoutline="t"/>
  <p:slide id="4" href="slide0004.htm" layout="title_body" slots="title,body"
   collapseoutline="t"/>
  <p:slide id="6" href="slide0006.htm" layout="title_body" slots="title,body"
   collapseoutline="t"/>
  <p:slide id="7" href="slide0007.htm" layout="title_body" slots="title,body"
   collapseoutline="t"/>
  <p:slide id="9" href="slide0009.htm" layout="title_body" slots="title,body"
   collapseoutline="t"/>
  <p:slide id="10" href="slide0010.htm" layout="title_body" slots="title,body"
   collapseoutline="t"/>
  <p:slide id="11" href="slide0011.htm" layout="title_body" slots="title,body"
   collapseoutline="t"/>
  <p:slide id="12" href="slide0012.htm" layout="title_body" slots="title,body"
   collapseoutline="t"/>
  <p:slide id="14" href="slide0014.htm" layout="title_body" slots="title,body"
   collapseoutline="t"/>
  <p:slide id="15" href="slide0015.htm" layout="title_body" slots="title,body"
   collapseoutline="t"/>
  <p:slide id="16" href="slide0016.htm" layout="title_body" slots="title,body"
   collapseoutline="t"/>
  <p:slide id="17" href="slide0017.htm" layout="title_body" slots="title,body"
   collapseoutline="t"/>
  <p:slide id="18" href="slide0018.htm" layout="title_body" slots="title,body"
   collapseoutline="t"/>
  <p:slide id="19" href="slide0019.htm" layout="title_body" slots="title,body"
   collapseoutline="t"/>
  <p:slide id="21" href="slide0021.htm" layout="title_body" slots="title,body"
   collapseoutline="t"/>
  <p:slide id="26" href="slide0026.htm" layout="title_body" slots="title,table"/>
  <p:slide id="27" href="slide0027.htm" layout="title_body" slots="title,table"/>
  <p:slide id="30" href="slide0030.htm" layout="title_body" slots="title,body"
   collapseoutline="t"/>
  <p:slide id="31" href="slide0031.htm" layout="title_body" slots="title,body"
   collapseoutline="t"/>
  <p:slide id="23" href="slide0023.htm" layout="title_body" slots="title,body"
   collapseoutline="t"/>
  <p:viewstate type="slideView" sorterscale="85" restoredleft="235"
   restoredtop="797" manualadjustleft="t" manualadjusttop="t"/>
  <p:slideshowsettings pencolor="schemeText"/>
  <p:font name="Times New Roman" charset="0" type="4" family="18"/>
  <p:font name="Arial, Lucida sans, sans-serif" charset="0"/>
  <p:font name="Arial" charset="0" type="4" family="34"/>
  <p:font name="Arial Unicode MS" charset="128" type="4"/>
  <p:headersfooters noheader="t"/>
  <p:pptdocumentsettings framecolors="WhiteTextOnBlack" hideslideanimation="t"/>
  <p:htmlpublishsettings browsersupport="v4"
   href="D:\Home\Erac\OT2004\Belbin History.htm" hidespeakernote="t"
   noloadinbrowser="t"/>
 </p:presentation>
 <o:shapedefaults v:ext="edit" spidmax="75778" fill="f" stroke="f">
  <v:fill on="f"/>
  <v:stroke on="f"/>
 </o:shapedefaults></xml>