<?xml version="1.0" encoding="UTF-8"?>
<!DOCTYPE beans PUBLIC "-//SPRING//DTD BEAN//EN" "http://www.springframework.org/dtd/spring-beans.dtd">

<beans>
  
  <bean id="theAdder" class="ioc.ctorinj.AdderImpl"/>
  <bean id="theSubtractor" class="ioc.ctorinj.SubtractorImpl"/>
  <bean id="mainBean" class="ioc.ctorinj.SetterApplication">
    <constructor-arg index="0"><ref bean="theAdder"/></constructor-arg>
    <constructor-arg index="1"><ref bean="theSubtractor"/></constructor-arg>
    <constructor-arg index="2"><value>Calculator Starting</value></constructor-arg>
    <constructor-arg index="3"><value>Calculator Completed</value></constructor-arg>
  </bean>

</beans>