<?xml version="1.0" encoding="UTF-8" ?>
<!DOCTYPE log4j:configuration SYSTEM "log4j.dtd">

<log4j:configuration xmlns:log4j="http://jakarta.apache.org/log4j/">

    <appender name="ConsoleAppender"
        class="org.apache.log4j.ConsoleAppender">
        <layout class="org.apache.log4j.PatternLayout">
            <param name="ConversionPattern"
                value="%d{yyy-MM-dd'T'HH:mm:ss.SSS} [%-20.20t] [%-40.40c{1}] %p - %m %n" />
        </layout>
    </appender>

    <root>
        <priority value="info" />
        <appender-ref ref="ConsoleAppender" />
    </root>

</log4j:configuration>